time_start,time_end,launched,destroyed,id
2022-09-28 00:00:00,2022-09-28 00:00:00,5,4,1
2022-09-28 00:00:00,2022-09-28 00:00:00,3,3,2
2022-09-29 23:00:00,2022-09-29 23:59:00,7,5,3
2022-09-30 00:00:00,2022-09-30 00:00:00,3,3,4
2022-10-01 12:00:00,2022-10-01 12:00:00,1,1,5
2022-10-02 00:00:00,2022-10-02 02:00:00,7,5,6
2022-10-04 12:00:00,2022-10-05 12:00:00,1,1,7
2022-10-05 00:00:00,2022-10-05 02:00:00,6,6,8
2022-10-05 11:30:00,2022-10-05 11:30:00,1,1,9
2022-10-06 00:00:00,2022-10-06 02:00:00,9,9,10
2022-10-06 09:00:00,2022-10-06 11:30:00,1,1,11
2022-10-06 09:00:00,2022-10-06 11:30:00,2,2,12
2022-10-06 15:00:00,2022-10-06 20:00:00,3,3,13
2022-10-06 15:00:00,2022-10-06 20:00:00,1,1,14
2022-10-06 15:00:00,2022-10-06 20:00:00,1,1,15
2022-10-07 20:00:00,2022-10-07 21:30:00,3,3,16
2022-10-08 08:00:00,2022-10-08 08:00:00,1,1,17
2022-10-08 08:00:00,2022-10-08 08:00:00,2,2,18
2022-10-09 00:30:00,2022-10-09 08:00:00,4,0,19
2022-10-09 00:30:00,2022-10-09 08:00:00,2,1,20
2022-10-09 00:30:00,2022-10-09 08:00:00,16,0,21
2022-10-10 06:00:00,2022-10-10 14:00:00,84,43,22
2022-10-10 06:00:00,2022-10-10 14:00:00,11,3,23
2022-10-10 06:00:00,2022-10-10 14:00:00,13,10,24
2022-10-10 15:00:00,2022-10-11 18:30:00,13,13,25
2022-10-11 03:30:00,2022-10-11 05:30:00,8,8,26
2022-10-11 07:00:00,2022-10-11 13:00:00,13,13,27
2022-10-11 07:00:00,2022-10-11 13:00:00,28,20,28
2022-10-12 00:00:00,2022-10-12 00:00:00,17,17,29
2022-10-12 00:00:00,2022-10-12 00:00:00,2,2,30
2022-10-13 00:00:00,2022-10-13 08:00:00,6,6,31
2022-10-13 16:00:00,2022-10-13 17:00:00,5,5,32
2022-10-14 00:00:00,2022-10-14 08:00:00,8,8,33
2022-10-15 00:00:00,2022-10-15 00:30:00,6,6,34
2022-10-16 21:30:00,2022-10-16 21:30:00,11,11,35
2022-10-17 03:30:00,2022-10-17 06:50:00,15,15,36
2022-10-17 03:30:00,2022-10-17 06:50:00,3,3,37
2022-10-17 00:00:00,2022-10-17 10:00:00,11,11,38
2022-10-17 15:00:00,2022-10-17 15:00:00,2,2,39
2022-10-17 00:00:00,2022-10-17 21:00:00,8,8,40
2022-10-18 00:00:00,2022-10-18 08:00:00,6,6,41
2022-10-18 00:00:00,2022-10-18 08:00:00,1,1,42
2022-10-18 00:00:00,2022-10-18 08:00:00,4,4,43
2022-10-19 00:00:00,2022-10-19 08:00:00,13,13,44
2022-10-19 12:00:00,2022-10-19 15:30:00,6,4,45
2022-10-19 12:00:00,2022-10-19 15:30:00,10,10,46
2022-10-20 00:00:00,2022-10-20 02:00:00,14,14,47
2022-10-22 00:00:00,2022-10-22 02:00:00,10,10,48
2022-10-22 07:00:00,2022-10-22 11:00:00,16,5,49
2022-10-22 07:00:00,2022-10-22 11:00:00,17,13,50
2022-10-23 00:00:00,2022-10-23 02:00:00,16,16,51
2022-10-25 21:00:00,2022-10-25 21:00:00,2,2,52
2022-10-25 21:30:00,2022-10-25 21:30:00,1,1,53
2022-10-26 22:00:00,2022-10-26 23:59:00,20,19,54
2022-10-26 22:00:00,2022-10-26 23:59:00,1,1,55
2022-10-31 07:00:00,2022-10-31 09:00:00,50,44,56
2022-11-01 01:30:00,2022-11-02 03:00:00,3,3,57
2022-11-01 01:30:00,2022-11-02 03:00:00,3,3,58
2022-11-01 12:00:00,2022-11-01 12:00:00,1,1,59
2022-11-01 23:00:00,2022-11-02 01:00:00,13,12,60
2022-11-03 22:00:00,2022-11-04 01:00:00,9,9,61
2022-11-04 16:00:00,2022-11-04 16:00:00,2,2,62
2022-11-04 00:00:00,2022-11-04 00:00:00,3,3,63
2022-11-04 00:00:00,2022-11-04 00:00:00,11,11,64
2022-11-09 00:00:00,2022-11-09 00:00:00,5,5,65
2022-11-09 00:00:00,2022-11-09 00:00:00,1,1,66
2022-11-14 10:00:00,2022-11-14 11:00:00,2,2,67
2022-11-15 00:00:00,2022-11-15 00:00:00,96,75,68
2022-11-15 00:00:00,2022-11-15 00:00:00,2,2,69
2022-11-15 00:00:00,2022-11-15 00:00:00,10,10,70
2022-11-15 00:00:00,2022-11-15 00:00:00,1,1,71
2022-11-15 00:00:00,2022-11-15 00:00:00,1,1,72
2022-11-17 00:00:00,2022-11-17 00:00:00,18,4,73
2022-11-17 00:00:00,2022-11-17 00:00:00,2,2,74
2022-11-17 00:00:00,2022-11-17 00:00:00,5,5,75
2022-11-23 00:00:00,2022-11-23 00:00:00,5,5,76
2022-11-23 00:00:00,2022-11-23 00:00:00,70,51,77
2022-12-05 00:00:00,2022-12-05 00:00:00,38,38,78
2022-12-05 00:00:00,2022-12-05 00:00:00,22,22,79
2022-12-05 00:00:00,2022-12-05 00:00:00,3,0,80
2022-12-05 00:00:00,2022-12-05 00:00:00,6,0,81
2022-12-05 00:00:00,2022-12-05 00:00:00,1,0,82
2022-12-07 00:00:00,2022-12-07 00:00:00,2,2,83
2022-12-07 00:00:00,2022-12-07 00:00:00,1,1,84
2022-12-07 00:00:00,2022-12-07 00:00:00,11,11,85
2022-12-10 00:00:00,2022-12-10 08:00:00,15,10,86
2022-12-14 00:00:00,2022-12-14 09:15:00,13,13,87
2022-12-16 00:00:00,2022-12-16 00:00:00,72,60,88
2022-12-16 00:00:00,2022-12-16 00:00:00,2,0,89
2022-12-16 00:00:00,2022-12-16 00:00:00,2,0,90
2022-12-16 00:00:00,2022-12-16 00:00:00,27,0,91
2022-12-19 00:00:00,2022-12-19 08:00:00,35,30,92
2022-12-20 13:00:00,2022-12-20 14:00:00,1,1,93
2022-12-20 13:00:00,2022-12-20 14:00:00,1,1,94
2022-12-22 00:00:00,2022-12-22 00:00:00,1,1,95
2022-12-29 00:00:00,2022-12-29 00:00:00,1,1,96
2022-12-29 00:00:00,2022-12-29 00:00:00,3,3,97
2022-12-29 07:00:00,2022-12-29 10:00:00,62,58,98
2022-12-29 07:00:00,2022-12-29 10:00:00,2,0,99
2022-12-29 07:00:00,2022-12-29 10:00:00,6,0,100
2022-12-30 08:00:00,2022-12-30 08:00:00,16,16,101
2022-12-31 13:00:00,2022-12-31 16:00:00,1,1,102
2022-12-31 13:00:00,2022-12-31 16:00:00,20,12,103
2023-01-01 00:00:00,2023-01-01 08:00:00,45,45,104
2023-01-02 00:00:00,2023-01-02 08:00:00,39,39,105
2023-01-02 00:00:00,2023-01-02 00:00:00,1,1,106
2023-01-02 00:00:00,2023-01-02 00:00:00,1,1,107
2023-01-11 11:00:00,2023-01-11 14:00:00,1,1,108
2023-01-11 12:00:00,2023-01-11 12:00:00,1,1,110
2023-01-12 09:00:00,2023-01-12 09:00:00,1,1,111
2023-01-14 00:00:00,2023-01-14 00:00:00,16,14,112
2023-01-14 00:00:00,2023-01-14 00:00:00,7,4,113
2023-01-14 00:00:00,2023-01-14 00:00:00,10,7,114
2023-01-14 00:00:00,2023-01-14 00:00:00,4,0,115
2023-01-14 15:30:00,2023-01-14 15:30:00,1,0,116
2023-01-20 18:00:00,2023-01-20 18:00:00,1,1,117
2023-01-20 18:00:00,2023-01-20 18:00:00,1,1,118
2023-01-23 10:00:00,2023-01-23 16:00:00,2,2,119
2023-01-23 10:00:00,2023-01-23 16:00:00,1,1,120
2023-01-25 09:00:00,2023-01-25 12:00:00,1,1,121
2023-01-26 04:00:00,2023-01-26 04:00:00,24,24,122
2023-01-26 10:45:00,2023-01-26 10:45:00,40,40,123
2023-01-26 10:45:00,2023-01-26 10:45:00,4,0,124
2023-01-26 10:45:00,2023-01-26 10:45:00,9,7,125
2023-01-26 10:45:00,2023-01-26 10:45:00,2,0,126
2023-02-09 15:00:00,2023-02-09 15:00:00,1,1,127
2023-02-09 21:50:00,2023-02-10 12:00:00,43,38,128
2023-02-09 21:50:00,2023-02-10 12:00:00,28,23,129
2023-02-09 21:50:00,2023-02-10 12:00:00,35,0,130
2023-02-09 21:50:00,2023-02-10 12:00:00,7,5,131
2023-02-10 18:00:00,2023-02-10 23:55:00,20,20,132
2023-02-11 18:40:00,2023-02-11 21:30:00,1,1,133
2023-02-11 18:40:00,2023-02-11 21:30:00,4,4,134
2023-02-15 00:00:00,2023-02-15 00:00:00,1,1,135
2023-02-16 01:40:00,2023-02-16 03:45:00,12,10,136
2023-02-16 01:40:00,2023-02-16 03:45:00,8,4,137
2023-02-16 01:40:00,2023-02-16 03:45:00,12,0,138
2023-02-16 01:40:00,2023-02-16 03:45:00,1,1,139
2023-02-16 01:40:00,2023-02-16 03:45:00,1,1,140
2023-02-16 01:40:00,2023-02-16 03:45:00,1,0,141
2023-02-18 10:00:00,2023-02-18 10:00:00,4,2,142
2023-02-27 04:00:00,2023-02-27 04:00:00,14,11,143
2023-03-01 00:30:00,2023-03-01 00:30:00,4,4,144
2023-03-06 00:00:00,2023-03-06 00:00:00,15,13,145
2023-03-08 00:00:00,2023-03-08 00:00:00,2,2,146
2023-03-09 00:00:00,2023-03-09 00:00:00,28,20,147
2023-03-09 00:00:00,2023-03-09 00:00:00,20,14,148
2023-03-09 00:00:00,2023-03-09 00:00:00,6,0,149
2023-03-09 00:00:00,2023-03-09 00:00:00,6,0,150
2023-03-09 00:00:00,2023-03-09 00:00:00,2,0,151
2023-03-09 00:00:00,2023-03-09 00:00:00,6,0,152
2023-03-09 00:00:00,2023-03-09 00:00:00,13,0,153
2023-03-09 00:00:00,2023-03-09 00:00:00,8,4,154
2023-03-14 10:00:00,2023-03-14 10:00:00,4,0,155
2023-03-17 21:00:00,2023-03-18 01:30:00,16,11,156
2023-03-21 19:40:00,2023-03-21 19:40:00,2,2,157
2023-03-21 23:30:00,2023-03-22 04:00:00,21,16,158
2023-03-23 21:30:00,2023-03-23 21:30:00,2,2,159
2023-03-27 21:40:00,2023-03-27 23:50:00,2,0,160
2023-03-27 21:40:00,2023-03-27 23:50:00,1,1,161
2023-03-27 21:40:00,2023-03-27 23:50:00,13,12,162
2023-03-30 21:10:00,2023-03-30 01:30:00,10,9,163
2023-04-04 03:00:00,2023-04-04 03:00:00,17,14,164
2023-04-08 13:00:00,2023-04-08 13:00:00,1,1,165
2023-04-10 00:00:00,2023-04-10 00:00:00,1,1,166
2023-04-10 00:00:00,2023-04-10 00:00:00,1,1,167
2023-04-18 00:00:00,2023-04-18 22:00:00,8,6,168
2023-04-18 00:00:00,2023-04-18 22:00:00,1,1,169
2023-04-19 00:00:00,2023-04-19 03:00:00,12,10,170
2023-04-19 00:00:00,2023-04-20 00:20:00,11,10,171
2023-04-21 00:00:00,2023-04-21 03:00:00,12,8,172
2023-04-21 19:00:00,2023-04-21 23:50:00,5,4,173
2023-04-22 00:00:00,2023-04-23 10:30:00,4,4,174
2023-04-23 11:50:00,2023-04-23 11:50:00,1,1,175
2023-04-24 00:00:00,2023-04-24 18:00:00,6,6,176
2023-04-24 00:00:00,2023-04-24 17:30:00,2,2,177
2023-04-24 00:00:00,2023-04-24 17:30:00,1,1,178
2023-04-26 00:00:00,2023-04-26 18:00:00,5,5,179
2023-04-26 00:00:00,2023-04-26 18:00:00,1,1,180
2023-04-28 04:00:00,2023-04-28 06:00:00,2,2,181
2023-04-28 04:00:00,2023-04-28 06:00:00,23,21,182
2023-04-29 04:00:00,2023-04-29 04:00:00,2,2,183
2023-04-29 10:00:00,2023-04-29 10:00:00,1,1,184
2023-05-01 02:00:00,2023-05-01 04:00:00,18,15,185
2023-05-02 22:30:00,2023-05-03 05:00:00,26,21,186
2023-05-03 00:00:00,2023-05-03 13:00:00,2,2,187
2023-05-03 00:00:00,2023-05-03 13:00:00,1,1,188
2023-05-03 00:00:00,2023-05-03 13:00:00,1,1,189
2023-05-04 00:00:00,2023-05-04 08:00:00,24,18,190
2023-05-04 00:00:00,2023-05-04 08:00:00,1,1,191
2023-05-04 02:30:00,2023-05-04 02:30:00,1,1,192
2023-05-05 00:00:00,2023-05-05 08:00:00,2,2,193
2023-05-06 00:00:00,2023-05-06 08:00:00,8,8,194
2023-05-06 00:00:00,2023-05-06 00:00:00,1,1,195
2023-05-06 00:00:00,2023-05-06 00:00:00,4,4,196
2023-05-08 00:00:00,2023-05-08 00:00:00,8,0,197
2023-05-08 00:00:00,2023-05-08 03:00:00,35,35,198
2023-05-08 00:00:00,2023-05-08 17:00:00,2,2,199
2023-05-08 00:00:00,2023-05-08 17:00:00,1,1,200
2023-05-08 00:00:00,2023-05-08 22:00:00,8,8,201
2023-05-09 04:00:00,2023-05-08 06:00:00,17,15,202
2023-05-09 00:00:00,2023-05-09 23:30:00,3,3,203
2023-05-12 00:00:00,2023-05-12 00:00:00,4,4,204
2023-05-13 00:00:00,2023-05-13 06:00:00,21,17,205
2023-05-13 00:00:00,2023-05-13 06:00:00,1,1,206
2023-05-14 00:00:00,2023-05-14 07:00:00,18,18,207
2023-05-14 00:00:00,2023-05-14 07:00:00,1,1,208
2023-05-14 00:00:00,2023-05-14 07:00:00,2,2,209
2023-05-14 00:00:00,2023-05-14 07:00:00,4,4,210
2023-05-14 00:00:00,2023-05-14 07:00:00,3,3,211
2023-05-14 00:00:00,2023-05-14 18:00:00,2,2,212
2023-05-14 00:00:00,2023-05-14 18:00:00,1,1,213
2023-05-14 00:00:00,2023-05-14 23:50:00,1,1,214
2023-05-14 00:00:00,2023-05-14 23:50:00,4,4,215
2023-05-15 00:00:00,2023-05-15 17:00:00,1,1,216
2023-05-15 00:00:00,2023-05-15 17:00:00,2,2,217
2023-05-15 00:00:00,2023-05-15 17:00:00,1,1,218
2023-05-16 03:30:00,2023-05-16 07:00:00,6,6,219
2023-05-16 03:30:00,2023-05-16 07:00:00,9,9,220
2023-05-16 03:30:00,2023-05-16 07:00:00,10,10,221
2023-05-16 03:30:00,2023-05-16 07:00:00,6,6,222
2023-05-16 03:30:00,2023-05-16 07:00:00,1,1,223
2023-05-16 03:30:00,2023-05-16 07:00:00,2,2,224
2023-05-16 00:00:00,2023-05-16 18:00:00,1,1,225
2023-05-16 00:00:00,2023-05-16 18:00:00,1,1,226
2023-05-17 21:00:00,2023-05-18 05:30:00,2,2,227
2023-05-17 21:00:00,2023-05-18 05:30:00,2,2,228
2023-05-17 21:00:00,2023-05-18 05:30:00,22,21,229
2023-05-17 21:00:00,2023-05-18 05:30:00,6,6,230
2023-05-17 21:00:00,2023-05-18 05:30:00,2,2,231
2023-05-19 00:00:00,2023-05-19 08:00:00,6,3,232
2023-05-19 00:00:00,2023-05-19 08:00:00,22,16,233
2023-05-19 00:00:00,2023-05-19 00:00:00,2,2,234
2023-05-19 00:00:00,2023-05-19 00:00:00,1,1,235
2023-05-20 00:00:00,2023-05-20 08:00:00,18,18,236
2023-05-20 00:00:00,2023-05-20 18:00:00,3,3,237
2023-05-20 00:00:00,2023-05-20 18:00:00,1,1,238
2023-05-20 00:00:00,2023-05-20 18:00:00,1,1,239
2023-05-20 21:00:00,2023-05-20 23:59:00,4,4,240
2023-05-21 00:00:00,2023-05-21 18:00:00,1,1,241
2023-05-21 00:00:00,2023-05-21 18:00:00,1,1,242
2023-05-21 00:00:00,2023-05-21 18:00:00,1,1,243
2023-05-22 02:30:00,2023-05-22 05:30:00,20,20,244
2023-05-22 02:30:00,2023-05-22 05:30:00,4,4,245
2023-05-22 02:30:00,2023-05-22 05:30:00,5,0,246
2023-05-22 02:30:00,2023-05-22 05:30:00,2,0,247
2023-05-22 02:30:00,2023-05-22 05:30:00,5,0,248
2023-05-22 00:00:00,2023-05-22 00:00:00,2,2,249
2023-05-23 00:00:00,2023-05-23 08:00:00,6,6,250
2023-05-25 00:00:00,2023-05-25 08:00:00,36,36,251
2023-05-25 22:00:00,2023-05-26 05:00:00,31,23,252
2023-05-25 22:00:00,2023-05-26 05:00:00,7,0,253
2023-05-25 22:00:00,2023-05-26 05:00:00,10,10,254
2023-05-25 22:00:00,2023-05-26 05:00:00,1,1,255
2023-05-25 22:00:00,2023-05-26 05:00:00,1,1,256
2023-05-28 00:00:00,2023-05-28 08:00:00,54,52,257
2023-05-29 00:00:00,2023-05-29 05:00:00,40,37,258
2023-05-29 00:00:00,2023-05-29 05:00:00,35,29,259
2023-05-29 00:00:00,2023-05-29 05:00:00,1,1,260
2023-05-29 00:00:00,2023-05-29 11:30:00,11,11,261
2023-05-29 23:30:00,2023-05-30 04:30:00,31,29,262
2023-05-31 00:00:00,2023-05-31 00:00:00,2,2,263
2023-05-31 00:00:00,2023-05-31 00:00:00,2,2,264
2023-05-31 00:00:00,2023-05-31 00:00:00,1,1,265
2023-06-01 02:30:00,2023-06-01 06:00:00,7,7,266
2023-06-01 02:30:00,2023-06-01 06:00:00,3,3,267
2023-06-01 00:00:00,2023-06-01 23:00:00,21,21,268
2023-06-02 02:00:00,2023-06-02 04:30:00,15,15,269
2023-06-04 01:00:00,2023-06-04 04:00:00,6,4,270
2023-06-04 01:00:00,2023-06-04 04:00:00,5,3,271
2023-06-06 00:30:00,2023-06-06 04:00:00,35,35,272
2023-06-07 00:00:00,2023-06-07 00:00:00,1,1,273
2023-06-07 00:00:00,2023-06-07 00:00:00,1,1,274
2023-06-08 20:00:00,2023-06-08 20:00:00,2,0,275
2023-06-08 22:00:00,2023-06-09 04:00:00,6,4,276
2023-06-08 22:00:00,2023-06-09 04:00:00,16,10,277
2023-06-08 22:00:00,2023-06-09 04:00:00,4,4,278
2023-06-09 00:00:00,2023-06-09 00:00:00,12,12,279
2023-06-09 23:00:00,2023-06-10 05:00:00,8,2,280
2023-06-09 23:00:00,2023-06-10 05:00:00,35,20,281
2023-06-11 00:00:00,2023-06-11 08:00:00,6,6,282
2023-06-13 00:00:00,2023-06-13 08:00:00,14,10,283
2023-06-13 00:00:00,2023-06-13 08:00:00,4,1,284
2023-06-14 00:00:00,2023-06-14 08:00:00,4,3,285
2023-06-14 00:00:00,2023-06-14 08:00:00,10,9,286
2023-06-14 00:00:00,2023-06-14 08:00:00,6,0,287
2023-06-15 00:20:00,2023-06-15 04:30:00,4,1,288
2023-06-15 00:20:00,2023-06-15 04:30:00,20,20,289
2023-06-15 00:00:00,2023-06-15 00:00:00,2,2,290
2023-06-15 00:00:00,2023-06-15 00:00:00,1,1,291
2023-06-15 00:00:00,2023-06-15 00:00:00,1,1,292
2023-06-15 00:00:00,2023-06-15 00:00:00,1,1,293
2023-06-15 00:00:00,2023-06-15 00:00:00,1,1,294
2023-06-16 00:00:00,2023-06-16 08:00:00,2,2,295
2023-06-16 11:00:00,2023-06-16 11:00:00,6,6,296
2023-06-16 11:00:00,2023-06-16 11:00:00,6,6,297
2023-06-16 00:00:00,2023-06-16 00:00:00,2,2,298
2023-06-17 00:00:00,2023-06-17 00:00:00,4,4,299
2023-06-17 00:00:00,2023-06-17 00:00:00,1,1,300
2023-06-17 00:00:00,2023-06-17 00:00:00,7,7,301
2023-06-19 00:00:00,2023-06-19 08:00:00,4,4,302
2023-06-19 00:00:00,2023-06-19 08:00:00,4,4,303
2023-06-20 00:00:00,2023-06-20 08:00:00,35,32,304
2023-06-20 00:00:00,2023-06-20 08:00:00,4,4,305
2023-06-20 00:00:00,2023-06-20 08:00:00,6,6,306
2023-06-22 00:00:00,2023-06-22 08:00:00,4,3,307
2023-06-22 00:00:00,2023-06-22 08:00:00,3,0,308
2023-06-22 00:00:00,2023-06-22 08:00:00,3,0,309
2023-06-23 00:00:00,2023-06-23 08:00:00,13,13,310
2023-06-23 00:00:00,2023-06-23 00:00:00,1,1,311
2023-06-24 00:00:00,2023-06-24 08:00:00,40,40,312
2023-06-24 00:00:00,2023-06-24 08:00:00,9,0,313
2023-06-24 00:00:00,2023-06-24 08:00:00,2,1,314
2023-06-24 00:00:00,2023-06-24 08:00:00,2,2,315
2023-06-26 00:00:00,2023-06-26 08:00:00,3,2,316
2023-06-26 00:00:00,2023-06-26 08:00:00,8,7,317
2023-06-26 00:00:00,2023-06-26 08:00:00,4,4,318
2023-06-28 00:00:00,2023-06-28 08:00:00,6,6,319
2023-06-30 00:00:00,2023-06-30 08:00:00,13,10,320
2023-06-30 00:00:00,2023-06-30 08:00:00,4,0,321
2023-07-02 00:00:00,2023-07-02 08:00:00,3,3,322
2023-07-02 00:00:00,2023-07-02 08:00:00,8,8,323
2023-07-03 00:00:00,2023-07-03 08:00:00,17,13,324
2023-07-05 00:00:00,2023-07-05 00:00:00,4,4,325
2023-07-05 00:00:00,2023-07-05 00:00:00,2,2,326
2023-07-05 00:00:00,2023-07-05 00:00:00,1,1,327
2023-07-05 00:00:00,2023-07-05 00:00:00,1,1,328
2023-07-06 01:00:00,2023-07-06 03:00:00,10,7,329
2023-07-07 00:00:00,2023-07-07 08:00:00,18,12,330
2023-07-08 00:00:00,2023-07-08 08:00:00,5,5,331
2023-07-10 00:00:00,2023-07-10 00:00:00,3,3,332
2023-07-10 00:00:00,2023-07-10 00:00:00,4,4,333
2023-07-11 00:00:00,2023-07-11 08:00:00,1,1,334
2023-07-11 00:00:00,2023-07-11 08:00:00,28,26,335
2023-07-12 00:00:00,2023-07-12 08:00:00,15,11,336
2023-07-13 00:00:00,2023-07-13 08:00:00,20,20,337
2023-07-13 00:00:00,2023-07-13 08:00:00,2,2,338
2023-07-13 00:00:00,2023-07-13 08:00:00,1,0,339
2023-07-13 00:00:00,2023-07-13 00:00:00,6,6,340
2023-07-13 22:00:00,2023-07-14 04:00:00,17,16,341
2023-07-13 22:00:00,2023-07-14 04:00:00,1,1,342
2023-07-14 00:00:00,2023-07-14 00:00:00,3,3,343
2023-07-14 00:00:00,2023-07-14 00:00:00,3,3,344
2023-07-15 00:00:00,2023-07-15 08:00:00,6,4,345
2023-07-17 00:00:00,2023-07-17 00:00:00,3,3,346
2023-07-17 00:00:00,2023-07-17 00:00:00,1,1,347
2023-07-17 00:00:00,2023-07-17 00:00:00,9,9,348
2023-07-18 00:00:00,2023-07-18 08:00:00,36,31,349
2023-07-18 00:00:00,2023-07-18 08:00:00,1,1,350
2023-07-18 00:00:00,2023-07-18 08:00:00,6,6,351
2023-07-19 00:00:00,2023-07-19 08:00:00,32,23,352
2023-07-19 00:00:00,2023-07-19 08:00:00,1,1,353
2023-07-19 00:00:00,2023-07-19 08:00:00,16,13,354
2023-07-19 00:00:00,2023-07-19 08:00:00,8,0,355
2023-07-19 00:00:00,2023-07-19 08:00:00,6,0,356
2023-07-20 00:00:00,2023-07-20 08:00:00,19,13,357
2023-07-20 00:00:00,2023-07-20 08:00:00,3,2,358
2023-07-20 00:00:00,2023-07-20 08:00:00,5,3,359
2023-07-20 00:00:00,2023-07-20 08:00:00,7,0,360
2023-07-20 00:00:00,2023-07-20 08:00:00,4,0,361
2023-07-21 00:00:00,2023-07-21 00:00:00,9,9,362
2023-07-22 00:00:00,2023-07-22 08:00:00,5,5,363
2023-07-23 00:00:00,2023-07-23 08:00:00,5,0,364
2023-07-23 00:00:00,2023-07-23 08:00:00,3,0,365
2023-07-23 00:00:00,2023-07-23 08:00:00,4,4,366
2023-07-23 00:00:00,2023-07-23 08:00:00,5,5,367
2023-07-23 00:00:00,2023-07-23 08:00:00,2,2,368
2023-07-24 00:00:00,2023-07-24 08:00:00,3,3,369
2023-07-26 13:00:00,2023-07-26 15:00:00,3,3,370
2023-07-26 17:00:00,2023-07-26 20:30:00,36,33,371
2023-07-26 19:00:00,2023-07-26 20:30:00,4,0,372
2023-07-27 00:00:00,2023-07-27 08:00:00,2,0,373
2023-07-27 00:00:00,2023-07-27 08:00:00,8,8,374
2023-07-29 00:00:00,2023-07-29 00:00:00,4,4,375
2023-07-30 00:00:00,2023-07-30 08:00:00,4,4,376
2023-08-02 00:00:00,2023-08-02 08:00:00,23,23,377
2023-08-02 00:00:00,2023-08-02 00:00:00,7,7,378
2023-08-03 00:00:00,2023-08-03 08:00:00,15,15,379
2023-08-05 18:00:00,2023-08-05 19:40:00,14,13,380
2023-08-05 18:00:00,2023-08-05 19:40:00,3,0,381
2023-08-05 22:00:00,2023-08-06 05:00:00,27,27,382
2023-08-05 22:00:00,2023-08-06 05:00:00,6,5,383
2023-08-05 22:00:00,2023-08-06 05:00:00,20,13,384
2023-08-10 23:00:00,2023-08-10 04:00:00,10,7,385
2023-08-11 09:00:00,2023-08-11 10:30:00,4,1,386
2023-08-12 01:30:00,2023-08-12 03:30:00,5,3,387
2023-08-14 01:00:00,2023-08-14 03:00:00,15,15,388
2023-08-14 01:00:00,2023-08-14 03:00:00,8,8,389
2023-08-15 03:00:00,2023-08-15 06:00:00,4,2,390
2023-08-15 03:00:00,2023-08-15 06:00:00,4,0,391
2023-08-15 03:00:00,2023-08-15 06:00:00,20,14,392
2023-08-15 03:00:00,2023-08-15 06:00:00,8,0,393
2023-08-15 22:00:00,2023-08-16 05:00:00,13,13,394
2023-08-16 02:00:00,2023-08-16 05:00:00,3,3,395
2023-08-18 00:00:00,2023-08-18 00:00:00,1,1,396
2023-08-18 00:00:00,2023-08-18 00:00:00,6,6,397
2023-08-19 01:00:00,2023-08-19 05:00:00,17,15,398
2023-08-23 00:00:00,2023-08-23 08:00:00,20,11,399
2023-08-24 02:30:00,2023-08-24 02:30:00,1,1,400
2023-08-25 00:00:00,2023-08-25 08:00:00,2,2,401
2023-08-25 00:00:00,2023-08-25 08:00:00,2,2,402
2023-08-25 00:00:00,2023-08-25 08:00:00,1,1,403
2023-08-26 00:00:00,2023-08-26 00:00:00,2,2,404
2023-08-27 00:00:00,2023-08-27 00:00:00,2,2,405
2023-08-27 00:00:00,2023-08-27 08:00:00,8,4,406
2023-08-28 00:00:00,2023-08-28 08:00:00,2,2,407
2023-08-28 00:00:00,2023-08-28 08:00:00,4,2,408
2023-08-30 00:00:00,2023-08-30 08:00:00,28,28,409
2023-08-30 00:00:00,2023-08-30 08:00:00,16,15,410
2023-09-01 00:00:00,2023-09-01 08:00:00,2,1,411
2023-09-03 00:00:00,2023-09-03 08:00:00,25,22,412
2023-09-04 00:00:00,2023-09-04 08:00:00,32,23,413
2023-09-06 00:00:00,2023-09-06 08:00:00,25,15,414
2023-09-06 00:00:00,2023-09-06 08:00:00,7,7,415
2023-09-06 00:00:00,2023-09-06 08:00:00,1,1,416
2023-09-07 00:00:00,2023-09-07 08:00:00,33,25,417
2023-09-08 00:00:00,2023-09-08 08:00:00,20,16,418
2023-09-10 00:00:00,2023-09-10 08:00:00,33,26,419
2023-09-11 00:00:00,2023-09-11 08:00:00,12,12,420
2023-09-11 00:00:00,2023-09-11 08:00:00,1,1,421
2023-09-13 00:00:00,2023-09-13 08:00:00,44,32,422
2023-09-13 21:00:00,2023-09-14 02:30:00,22,17,423
2023-09-15 00:00:00,2023-09-15 08:00:00,17,17,424
2023-09-17 00:00:00,2023-09-17 08:00:00,6,6,425
2023-09-17 00:00:00,2023-09-17 08:00:00,10,6,426
2023-09-18 00:00:00,2023-09-17 08:00:00,24,18,427
2023-09-18 00:00:00,2023-09-18 08:00:00,17,17,428
2023-09-19 00:00:00,2023-09-19 08:00:00,30,27,429
2023-09-19 00:00:00,2023-09-19 08:00:00,1,1,430
2023-09-19 00:00:00,2023-09-19 08:00:00,1,0,431
2023-09-20 00:00:00,2023-09-20 08:00:00,24,17,432
2023-09-21 03:00:00,2023-09-21 09:00:00,43,36,433
2023-09-21 06:00:00,2023-09-21 06:00:00,6,0,434
2023-09-23 00:00:00,2023-09-23 08:00:00,15,14,435
2023-09-23 00:00:00,2023-09-23 00:00:00,2,2,436
2023-09-24 00:00:00,2023-09-24 00:00:00,3,3,437
2023-09-24 00:00:00,2023-09-24 00:00:00,4,4,438
2023-09-25 00:00:00,2023-09-25 08:00:00,19,19,439
2023-09-25 00:00:00,2023-09-25 08:00:00,12,11,440
2023-09-25 00:00:00,2023-09-25 08:00:00,2,0,441
2023-09-26 00:00:00,2023-09-26 08:00:00,38,26,442
2023-09-27 00:00:00,2023-09-27 00:00:00,6,6,443
2023-09-28 00:00:00,2023-09-28 08:00:00,44,34,444
2023-09-30 00:00:00,2023-09-30 08:00:00,40,30,445
2023-10-01 00:00:00,2023-10-01 08:00:00,30,16,446
2023-10-01 00:00:00,2023-10-01 00:00:00,3,3,447
2023-10-02 00:00:00,2023-10-02 08:00:00,7,4,448
2023-10-03 00:00:00,2023-10-03 08:00:00,31,29,449
2023-10-03 00:00:00,2023-10-03 08:00:00,1,1,450
2023-10-05 00:00:00,2023-10-05 08:00:00,29,24,451
2023-10-06 00:00:00,2023-10-06 08:00:00,33,25,452
2023-10-10 00:00:00,2023-10-10 08:00:00,36,27,453
2023-10-11 00:00:00,2023-10-11 00:00:00,1,1,454
2023-10-12 00:00:00,2023-10-12 08:00:00,33,28,455
2023-10-15 00:00:00,2023-10-15 08:00:00,1,1,456
2023-10-16 00:00:00,2023-10-16 08:00:00,12,11,457
2023-10-16 00:00:00,2023-10-16 08:00:00,5,2,458
2023-10-16 00:00:00,2023-10-16 08:00:00,1,0,459
2023-10-17 00:00:00,2023-10-17 08:00:00,6,6,460
2023-10-17 00:00:00,2023-10-17 08:00:00,1,1,461
2023-10-17 00:00:00,2023-10-17 08:00:00,2,0,462
2023-10-18 00:00:00,2023-10-18 00:00:00,1,1,463
2023-10-18 20:00:00,2023-10-19 05:00:00,9,3,464
2023-10-18 20:00:00,2023-10-19 05:00:00,1,1,465
2023-10-18 20:00:00,2023-10-19 05:00:00,1,0,466
2023-10-18 20:00:00,2023-10-19 05:00:00,5,0,467
2023-10-18 20:00:00,2023-10-19 05:00:00,1,0,468
2023-10-21 00:00:00,2023-10-21 00:00:00,3,3,469
2023-10-22 00:00:00,2023-10-22 08:00:00,1,1,470
2023-10-22 00:00:00,2023-10-22 08:00:00,8,0,471
2023-10-22 00:00:00,2023-10-22 08:00:00,3,3,472
2023-10-22 00:00:00,2023-10-22 08:00:00,2,0,473
2023-10-23 00:00:00,2023-10-23 08:00:00,1,1,474
2023-10-23 00:00:00,2023-10-23 08:00:00,13,13,475
2023-10-23 00:00:00,2023-10-23 08:00:00,1,1,476
2023-10-24 00:00:00,2023-10-24 08:00:00,6,6,477
2023-10-24 00:00:00,2023-10-24 09:00:00,1,1,478
2023-10-25 00:00:00,2023-10-25 08:00:00,11,11,479
2023-10-27 00:00:00,2023-10-27 08:00:00,6,5,480
2023-10-27 00:00:00,2023-10-27 08:00:00,1,0,481
2023-10-27 00:00:00,2023-10-27 00:00:00,3,3,482
2023-10-27 00:00:00,2023-10-27 00:00:00,2,2,483
2023-10-28 00:00:00,2023-10-28 01:00:00,4,3,484
2023-10-29 00:00:00,2023-10-29 08:00:00,5,5,485
2023-10-29 00:00:00,2023-10-29 08:00:00,1,0,486
2023-10-29 00:00:00,2023-10-29 08:00:00,2,2,487
2023-10-29 00:00:00,2023-10-29 08:00:00,12,12,488
2023-10-29 00:00:00,2023-10-29 00:00:00,3,3,489
2023-10-29 00:00:00,2023-10-29 00:00:00,1,1,490
2023-10-30 00:00:00,2023-10-30 00:00:00,2,2,491
2023-10-31 00:00:00,2023-10-31 08:00:00,1,1,492
2023-10-31 00:00:00,2023-10-31 00:00:00,3,3,493
2023-10-31 00:00:00,2023-10-31 12:00:00,1,1,494
2023-11-01 00:00:00,2023-11-01 08:00:00,20,18,495
2023-11-01 00:00:00,2023-11-01 08:00:00,1,1,496
2023-11-01 00:00:00,2023-11-01 11:00:00,2,2,497
2023-11-01 00:00:00,2023-11-01 12:00:00,1,1,498
2023-11-02 00:00:00,2023-11-02 08:00:00,1,1,499
2023-11-02 00:00:00,2023-11-02 00:00:00,1,1,500
2023-11-03 00:00:00,2023-11-03 08:00:00,40,24,501
2023-11-03 00:00:00,2023-11-03 08:00:00,1,1,502
2023-11-03 00:00:00,2023-11-03 09:00:00,1,1,503
2023-11-04 00:00:00,2023-11-04 08:00:00,2,2,504
2023-11-04 00:00:00,2023-11-04 19:00:00,3,3,505
2023-11-05 00:00:00,2023-11-05 16:00:00,1,1,506
2023-11-05 20:00:00,2023-11-05 23:59:00,22,15,507
2023-11-05 20:00:00,2023-11-05 23:59:00,1,1,508
2023-11-05 20:00:00,2023-11-05 23:59:00,1,0,509
2023-11-05 20:00:00,2023-11-05 23:59:00,1,0,510
2023-11-05 20:00:00,2023-11-05 23:59:00,1,0,511
2023-11-06 00:00:00,2023-11-06 08:00:00,1,0,512
2023-11-06 00:00:00,2023-11-06 22:00:00,1,1,513
2023-11-09 00:00:00,2023-11-09 02:30:00,1,1,514
2023-11-10 00:00:00,2023-11-10 08:00:00,6,5,515
2023-11-10 00:00:00,2023-11-10 08:00:00,1,1,516
2023-11-10 00:00:00,2023-11-10 08:00:00,1,0,517
2023-11-10 00:00:00,2023-11-10 13:00:00,1,1,518
2023-11-10 19:00:00,2023-11-11 03:00:00,31,19,519
2023-11-10 19:00:00,2023-11-11 03:00:00,1,0,520
2023-11-10 19:00:00,2023-11-11 03:00:00,1,0,521
2023-11-10 19:00:00,2023-11-11 03:00:00,1,0,522
2023-11-11 00:00:00,2023-11-11 09:00:00,1,1,523
2023-11-12 00:00:00,2023-11-12 08:00:00,2,1,524
2023-11-12 00:00:00,2023-11-12 08:00:00,1,0,525
2023-11-13 00:00:00,2023-11-13 17:00:00,2,2,526
2023-11-13 00:00:00,2023-11-13 17:00:00,3,3,527
2023-11-14 00:00:00,2023-11-14 08:00:00,9,7,528
2023-11-14 00:00:00,2023-11-14 08:00:00,1,0,529
2023-11-14 00:00:00,2023-11-14 08:00:00,1,0,530
2023-11-15 00:00:00,2023-11-15 00:00:00,1,1,531
2023-11-16 00:00:00,2023-11-16 08:00:00,18,16,532
2023-11-17 00:00:00,2023-11-17 08:00:00,10,9,533
2023-11-17 20:00:00,2023-11-18 04:00:00,38,29,534
2023-11-19 00:00:00,2023-11-19 08:00:00,20,15,535
2023-11-21 00:00:00,2023-11-21 08:00:00,10,9,536
2023-11-21 00:00:00,2023-11-21 08:00:00,4,0,537
2023-11-21 00:00:00,2023-11-21 08:00:00,1,1,538
2023-11-21 00:00:00,2023-11-21 00:00:00,1,1,539
2023-11-21 20:00:00,2023-11-22 03:00:00,14,14,540
2023-11-21 20:00:00,2023-11-22 03:00:00,1,0,541
2023-11-22 00:00:00,2023-11-22 00:00:00,2,2,542
2023-11-24 00:00:00,2023-11-24 08:00:00,3,3,543
2023-11-24 00:00:00,2023-11-24 00:00:00,1,1,544
2023-11-25 00:00:00,2023-11-25 08:00:00,1,1,545
2023-11-25 00:00:00,2023-11-25 08:00:00,75,74,546
2023-11-26 00:00:00,2023-11-26 08:00:00,9,8,547
2023-11-28 00:00:00,2023-11-28 08:00:00,1,1,548
2023-11-28 00:00:00,2023-11-28 08:00:00,1,1,549
2023-11-28 00:00:00,2023-11-28 09:00:00,1,0,550
2023-11-28 13:00:00,2023-11-28 13:00:00,1,1,551
2023-11-28 14:00:00,2023-11-28 14:00:00,1,1,552
2023-11-29 00:00:00,2023-11-29 08:00:00,21,21,553
2023-11-29 00:00:00,2023-11-29 08:00:00,3,2,554
2023-11-30 00:00:00,2023-11-30 08:00:00,20,14,555
2023-11-30 00:00:00,2023-11-30 08:00:00,8,0,556
2023-12-01 00:00:00,2023-12-01 08:00:00,25,18,557
2023-12-01 00:00:00,2023-12-01 08:00:00,1,1,558
2023-12-01 00:00:00,2023-12-01 08:00:00,2,1,559
2023-12-02 00:00:00,2023-12-02 08:00:00,11,10,560
2023-12-02 00:00:00,2023-12-02 08:00:00,1,0,561
2023-12-03 00:00:00,2023-12-03 08:00:00,12,10,562
2023-12-03 00:00:00,2023-12-03 08:00:00,1,0,563
2023-12-03 00:00:00,2023-12-03 00:00:00,1,1,564
2023-12-04 00:00:00,2023-12-04 08:00:00,23,18,565
2023-12-04 00:00:00,2023-12-04 08:00:00,1,1,566
2023-12-05 00:00:00,2023-12-05 08:00:00,17,10,567
2023-12-05 00:00:00,2023-12-05 08:00:00,6,0,568
2023-12-05 12:00:00,2023-12-05 12:00:00,1,1,569
2023-12-05 00:00:00,2023-12-05 00:00:00,2,2,570
2023-12-05 00:00:00,2023-12-05 00:00:00,2,2,571
2023-12-05 00:00:00,2023-12-05 00:00:00,1,1,572
2023-12-05 00:00:00,2023-12-05 00:00:00,1,1,573
2023-12-06 00:00:00,2023-12-06 08:00:00,48,41,574
2023-12-06 10:00:00,2023-12-06 10:00:00,1,1,575
2023-12-06 00:00:00,2023-12-06 00:00:00,1,1,576
2023-12-07 00:00:00,2023-12-07 08:00:00,18,15,577
2023-12-08 00:00:00,2023-12-08 08:00:00,7,7,578
2023-12-08 00:00:00,2023-12-08 08:00:00,6,0,579
2023-12-08 06:00:00,2023-12-08 09:00:00,19,14,580
2023-12-11 00:00:00,2023-12-11 08:00:00,18,18,581
2023-12-11 04:00:00,2023-12-11 05:00:00,8,8,582
2023-12-11 15:00:00,2023-12-11 15:00:00,1,1,583
2023-12-11 18:00:00,2023-12-11 18:00:00,1,1,584
2023-12-12 00:00:00,2023-12-12 08:00:00,15,9,585
2023-12-13 00:00:00,2023-12-13 08:00:00,10,10,586
2023-12-13 03:00:00,2023-12-13 05:00:00,10,10,587
2023-12-13 19:00:00,2023-12-14 08:00:00,42,41,588
2023-12-14 00:00:00,2023-12-14 00:00:00,1,0,589
2023-08-14 14:00:00,2023-08-14 14:30:00,3,1,590
2023-12-15 00:00:00,2023-12-15 08:00:00,14,14,591
2023-12-16 00:00:00,2023-12-16 08:00:00,31,30,592
2023-12-17 00:00:00,2023-12-17 08:00:00,1,1,593
2023-12-17 00:00:00,2023-12-17 08:00:00,1,0,594
2023-12-17 00:00:00,2023-12-17 08:00:00,20,20,595
2023-12-17 00:00:00,2023-12-17 00:00:00,2,2,596
2023-12-18 00:00:00,2023-12-18 08:00:00,5,5,597
2023-12-18 00:00:00,2023-12-18 00:00:00,1,1,598
2023-12-19 00:00:00,2023-12-19 08:00:00,2,2,599
2023-12-20 00:00:00,2023-12-20 08:00:00,19,18,600
2023-12-20 00:00:00,2023-12-20 08:00:00,2,0,601
2023-12-20 00:00:00,2023-12-20 00:00:00,1,1,602
2023-12-20 20:00:00,2023-12-21 03:30:00,35,34,603
2023-12-22 00:00:00,2023-12-22 08:00:00,28,24,604
2023-12-22 18:00:00,2022-12-23 00:00:00,9,9,605
2023-12-23 00:00:00,2022-12-23 14:00:00,1,1,606
2023-12-24 00:00:00,2022-12-24 08:00:00,15,14,607
2023-12-24 00:00:00,2022-12-24 00:00:00,1,1,608
2023-12-24 00:00:00,2022-12-24 00:00:00,1,1,609
2023-12-24 00:00:00,2022-12-24 00:00:00,1,1,610
2023-12-25 00:00:00,2022-12-25 08:00:00,31,28,611
2023-12-25 00:00:00,2023-12-25 00:00:00,1,1,612
2023-12-26 00:00:00,2022-12-26 08:00:00,19,13,613
2023-12-26 00:00:00,2023-12-26 00:00:00,2,2,614
2023-12-26 00:00:00,2023-12-26 00:00:00,1,1,615
2023-12-26 00:00:00,2023-12-26 00:00:00,1,1,616
2023-12-26 19:00:00,2022-12-27 03:50:00,46,32,617
2023-12-28 00:00:00,2022-12-28 08:00:00,8,7,618
2023-12-28 00:00:00,2023-12-28 00:00:00,1,1,619
2023-12-28 00:00:00,2023-12-28 00:00:00,2,2,620
2023-12-28 23:00:00,2022-12-29 06:00:00,36,27,621
2023-12-29 05:00:00,2022-12-29 09:30:00,14,0,622
2023-12-29 05:00:00,2022-12-29 09:30:00,8,0,623
2023-12-29 06:00:00,2022-12-29 09:30:00,90,87,624
2023-12-29 06:30:00,2022-12-29 09:30:00,5,0,625
2023-12-29 06:30:00,2022-12-29 09:30:00,4,0,626
2023-12-29 06:30:00,2022-12-29 09:30:00,1,0,627
2023-12-30 00:00:00,2022-12-30 08:00:00,10,5,628
2023-12-30 00:00:00,2022-12-30 13:00:00,1,1,629
2023-12-30 00:00:00,2022-12-30 00:00:00,6,0,630
2023-12-31 00:00:00,2022-12-31 08:00:00,49,21,631
2024-01-01 00:00:00,2022-01-01 08:00:00,90,87,632
2024-01-01 00:00:00,2022-01-01 08:00:00,4,0,633
2024-01-01 00:00:00,2022-01-01 08:00:00,3,0,634
2024-01-01 00:00:00,2022-01-01 08:00:00,1,0,635
2024-01-01 14:00:00,2022-01-01 19:00:00,10,9,636
2024-01-01 14:00:00,2022-01-01 19:00:00,1,1,637
2024-01-01 00:00:00,2022-01-01 00:00:00,1,1,638
2024-01-01 00:00:00,2022-01-01 00:00:00,2,2,639
2024-01-01 20:00:00,2022-01-02 08:00:00,35,35,640
2024-01-02 06:00:00,2022-01-02 09:00:00,70,59,641
2024-01-02 07:30:00,2022-01-02 09:00:00,10,10,642
2024-01-02 06:00:00,2022-01-02 09:00:00,3,3,643
2024-01-02 06:00:00,2022-01-02 09:00:00,12,0,644
2024-01-02 06:00:00,2022-01-02 09:00:00,4,0,645
2024-01-02 00:00:00,2022-01-02 00:00:00,5,5,646
2024-01-02 00:00:00,2022-01-02 00:00:00,1,1,647
2024-01-04 00:00:00,2022-01-04 00:00:00,3,0,648
2024-01-04 00:00:00,2022-01-04 00:00:00,2,2,649
2024-01-04 00:00:00,2022-01-04 08:00:00,2,2,650
2024-01-04 00:00:00,2022-01-04 00:00:00,1,1,651
2024-01-05 00:00:00,2022-01-05 00:00:00,2,2,652
2024-01-05 00:00:00,2022-01-05 00:00:00,1,1,653
2024-01-05 00:00:00,2022-01-05 08:00:00,29,21,654
2024-01-06 00:00:00,2022-01-06 08:00:00,1,1,655
2024-01-06 00:00:00,2022-01-06 08:00:00,1,1,656
2024-01-07 00:00:00,2022-01-07 00:00:00,1,1,657
2024-01-07 00:00:00,2022-01-07 00:00:00,3,0,658
2024-01-07 00:00:00,2022-01-07 08:00:00,28,21,659
2024-01-08 00:00:00,2022-01-08 08:00:00,8,8,660
2024-01-08 00:00:00,2022-01-08 08:00:00,7,0,661
2024-01-08 00:00:00,2022-01-08 08:00:00,4,0,662
2024-01-08 00:00:00,2022-01-08 08:00:00,24,18,663
2024-01-08 00:00:00,2022-01-08 08:00:00,8,0,664
2024-01-08 00:00:00,2022-01-08 08:00:00,6,0,665
2024-01-08 00:00:00,2022-01-08 08:00:00,2,0,666
2024-01-09 00:00:00,2022-01-09 00:00:00,1,1,667
2024-01-09 00:00:00,2022-01-09 00:00:00,1,1,668
2024-01-10 00:00:00,2022-01-10 00:00:00,1,1,669
2024-01-13 00:00:00,2022-01-13 08:00:00,12,7,670
2024-01-13 06:50:00,2022-01-13 08:00:00,6,0,671
2024-01-13 00:00:00,2022-01-13 08:00:00,3,0,672
2024-01-13 00:00:00,2022-01-13 08:00:00,7,0,673
2024-01-13 00:00:00,2022-01-13 08:00:00,7,0,674
2024-01-13 00:00:00,2022-01-13 08:00:00,2,0,675
2024-01-13 00:00:00,2022-01-13 08:00:00,4,1,676
2024-01-13 00:00:00,2022-01-13 00:00:00,1,1,677
2024-01-14 00:00:00,2022-01-14 00:00:00,1,1,678
2024-01-15 00:00:00,2022-01-15 00:00:00,2,2,679
2024-01-15 00:00:00,2022-01-15 00:00:00,1,1,680
2024-01-15 00:00:00,2022-01-15 00:00:00,1,1,681
2024-01-16 00:00:00,2022-01-16 00:00:00,1,1,682
2024-01-16 00:00:00,2022-01-16 00:00:00,1,1,683
2024-01-17 00:00:00,2022-01-17 08:00:00,19,19,684
2024-01-17 00:00:00,2022-01-17 08:00:00,2,0,685
2024-01-17 00:00:00,2022-01-17 00:00:00,1,1,686
2024-01-17 00:00:00,2022-01-17 00:00:00,1,1,687
2024-01-17 00:00:00,2022-01-17 00:00:00,1,1,688
2024-01-18 00:00:00,2022-01-18 08:00:00,33,22,689
2024-01-18 00:00:00,2022-01-18 08:00:00,2,0,690
2024-01-20 00:00:00,2022-01-20 08:00:00,7,4,691
2024-01-20 00:00:00,2022-01-20 08:00:00,3,0,692
2024-01-21 00:00:00,2022-01-21 00:00:00,1,1,693
2024-01-22 00:00:00,2022-01-22 08:00:00,8,8,694
2024-01-22 00:00:00,2022-01-22 18:00:00,1,1,695
2024-01-23 00:00:00,2022-01-23 08:00:00,4,0,696
2024-01-23 00:00:00,2022-01-23 08:00:00,15,15,697
2024-01-23 00:00:00,2022-01-23 08:00:00,8,0,698
2024-01-23 00:00:00,2022-01-23 08:00:00,12,5,699
2024-01-23 00:00:00,2022-01-23 08:00:00,2,1,700
2024-01-24 00:00:00,2022-01-24 15:00:00,2,2,701
2024-01-24 00:00:00,2022-01-24 00:00:00,2,2,702
2024-01-25 00:00:00,2022-01-25 08:00:00,14,11,703
2024-01-25 00:00:00,2022-01-25 08:00:00,4,0,704
2024-01-25 00:00:00,2022-01-25 16:00:00,1,1,705
2024-01-27 00:00:00,2022-01-27 08:00:00,4,4,706
2024-01-27 00:00:00,2022-01-27 08:00:00,1,0,707
2024-01-28 00:00:00,2022-01-28 08:00:00,8,4,708
2024-01-28 00:00:00,2022-01-28 08:00:00,2,0,709
2024-01-28 00:00:00,2022-01-28 08:00:00,3,0,710
